id,课程名称,学分,学时,开设时间限制
0,中国近现代史纲要,3.0,48,1
1,体育-1,1.0,32,2
2,大学英语（综合）,4.0,64,1
3,高等数学（工）-1,5.5,99,2
4,线性代数（工）,3.0,54,1
5,大学物理Ⅰ-1,3.5,63,1
6,思想道德与法治,3.0,48,1
7,体育-2,1.0,32,2
8,大学英语（高级）,4.0,64,1
9,高等数学（工）-2,5.5,99,2
10,习近平新时代中国特色社会主义思想概论,2.0,32,1
11,大学物理Ⅰ-2,3.5,63,1
12,毛泽东思想和中国特色社会主义理论体系概论,3.0,48,1
13,体育-3,1.0,32,2
14,概率论与数理统计（工）,3.0,54,1
15,体育-4,1.0,32,2
16,马克思主义基本原理,3.0,48,1
17,高级语言程序设计,3.5,56,1
18,电路分析基础-1,2.0,32,1
19,集合与图论,2.5,45,1
20,数字逻辑Ⅰ,4.0,80,1
21,模拟电子技术,2.0,32,1
22,数据结构与算法,3.5,56,1
23,代数与逻辑,2.0,36,1
24,计算机组成原理,3.0,48,1
25,操作系统原理,3.0,48,1
26,数据库原理,3.0,48,1
27,计算机网络,2.5,40,1
28,计算机系统结构Ⅱ,2.0,32,1
29,人工智能导论Ⅰ,2.5,40,1
30,编译原理Ⅰ,3.5,56,1
31,软件工程引论,2.5,40,1
32,高级语言程序设计课设,1.5,45,1
33,物理实验（工）-1,1.0,32,1
34,机械工程训练A,1.0,30,1
35,物理实验（工）-2,1.0,32,1
36,数据结构课设Ⅰ,2.0,60,1
37,面向对象程序设计,2.5,40,1
38,C++语言程序设计,2.0,32,1
39,汇编语言程序设计,2.0,32,1
40,模式识别,2.0,32,1
41,数字系统设计（双语）,2.0,32,1
42,数据通信原理（双语）,2.0,32,1
43,计算机图形学,2.0,32,1
44,微型计算机接口技术Ⅲ,2.0,32,1
45,算法设计与分析,2.0,32,1
46,人机交互引论,2.0,32,1
47,数字图像处理,2.0,32,1
48,计算机控制原理与技术Ⅱ,2.0,32,1
49,软件质量管理与测试,2.0,32,1
50,分布式系统导论（双语）,2.0,32,1
51,TCP/IP协议分析及应用Ⅰ,2.0,32,1
52,多媒体技术,2.0,32,1
53,数字信号处理,2.0,32,1
54,IPv6技术及应用,2.0,32,1
55,Linux操作系统,2.0,32,1
56,数据挖掘,2.0,32,1
57,SOPC设计技术,2.0,32,1
58,机器学习基础,2.0,32,1
59,Python与数据分析,2.0,32,1
60,并行计算,2.0,32,1
61,嵌入式系统设计技术,2.0,32,1
62,大数据管理与分析,2.0,32,1
63,大学生心理适应指导,1.0,16,0
64,形势与政策1,0.25,8,0
65,形势与政策2,0.25,8,0
